,ID,title,publication.year
1,1,Of Heroines and Victims: Jean Rhys and Jane Eyre,1976
2,2,Women and Schizophrenia: The Fiction of Jean Rhys,1979
3,3,Carnival of psyche: Jean Rhys's wide sargasso sea,1980
4,4,"JEAN RHYS'S WIDE SARGASSO SEA: THE OTHER SIDE/""BOTH SIDES NOW""",1982
5,5,The Madwoman and Her Languages: Why I Don't Do Feminist Literary Theory,1984
6,6,Three Women's Texts and a Critique of Imperialism,1985
7,7,"WOMAN AS STORYTELLER IN ""WIDE SARGASSO SEA""",1988
8,8,Unquiet Ghosts: The Struggle for Representation in Jean Rhys's Wide Sargasso Sea,1988
9,10,"Colonialism and the Figurative Strategy of ""Jane Eyre""",1990
10,11,"Navigating the Wide Sargasso Sea: Colonial History, English Fiction, and British Empire",1997
11,12,"Double [De]colonization and the Feminist Criticism of ""Wide Sargasso Sea""",1999
12,13,"Shutting up the Subaltern: Silences, Stereotypes, and Double-Entendre in Jean Rhys's Wide Sargasso Sea",1999
13,15,"Say Die and I Will Die: Betraying the Other, Controlling Female Desire, and Legally Destroying Women in ""Wide Sargasso Sea and Othello""",2003
14,20,The Madwomen in Our Attics: Jane Eyre and Wide Sargasso Sea�s Treatment of Feminism,2012
15,21,"Women, Slavery, and the Problem of Freedom in Wide Sargasso Sea",2012
16,23,Double Colonization in Jean Rhys�s Wide Sargasso Sea: A Postcolonial Feminist Critique,2018
17,24,Unsettling Feminism: The Savagery of Gothic,2019
18,14,The Make-up of Jean Rhys's Fiction,2000
19,18,Race and ethnicity in white women's modernist literature,2010
20,19,"Geomodernism, postcoloniality, and women's writing",2010
21,17,Feminist fiction Ch 8,2009
22,22,Femininity and Failure in Jean Rhys's Autobiographical Fiction: A Psychoanalytic Reading,2013
23,16,"Distilling Identities: Jean Rhys's ""Mixing Cocktails"" and Feminine Creole Process",2003
24,9,Writing in the Margins: Jean Rhys,1989
